Our Part No,Quantity,Your Part No,Price USD,Del. date,Description
600900237,3600,,,1-12-25,HYLDEKNÆGT OPPRES 200X250MM
605100237,800,,,1-12-25,HYLDEKNÆGT OPPRES 350X400MM
680300437,1000,,,1-12-25,VÆGSKINNE 1220MM HVID
680500437,1500,,,1-12-25,VÆGSKINNE 1980MM HVID
681400437,1440,,,1-12-25,HYLDEKNÆGT TIL VÆGSKINNE 320MM
661001,6720,661001,,1-12-25,GELÆNDERHOLDER UBEH
600100107,2400,,,1-12-25,HYLDEKNÆGT 200X250 VARMFORZ
681300427,960,,,1-12-25,HYLDEKNÆGT TIL VÆGSKINNE 270MM
682100437,2040,,,1-12-25,HYLDEKNÆGT TIL VÆGSKINNE 470MM
601100237,3600,,,1-12-25,HYLDEKNÆGT OPPRES 300X350MM
